Metric,Value
design__lint_error__count,0
design__lint_timing_construct__count,0
design__lint_warning__count,8
design__inferred_latch__count,0
design__instance__count,4682
design__instance__area,16493.3
design__instance_unmapped__count,0
synthesis__check_error__count,0
design__max_slew_violation__count__corner:nom_tt_025C_1v80,0
design__max_fanout_violation__count__corner:nom_tt_025C_1v80,0
design__max_cap_violation__count__corner:nom_tt_025C_1v80,0
power__internal__total,9.677930847828975E-7
power__switching__total,0.0000012486445939430268
power__leakage__total,1.6039875205819953E-8
power__total,0.0000022324775272863917
clock__skew__worst_hold__corner:nom_tt_025C_1v80,0.0
clock__skew__worst_setup__corner:nom_tt_025C_1v80,0.0
timing__hold__ws__corner:nom_tt_025C_1v80,9.36954362837992
timing__setup__ws__corner:nom_tt_025C_1v80,10.111964884977006
timing__hold__tns__corner:nom_tt_025C_1v80,0.0
timing__setup__tns__corner:nom_tt_025C_1v80,0.0
timing__hold__wns__corner:nom_tt_025C_1v80,0
timing__setup__wns__corner:nom_tt_025C_1v80,0.0
timing__hold_vio__count__corner:nom_tt_025C_1v80,0
timing__hold_r2r__ws__corner:nom_tt_025C_1v80,Infinity
timing__hold_r2r_vio__count__corner:nom_tt_025C_1v80,0
timing__setup_vio__count__corner:nom_tt_025C_1v80,0
timing__setup_r2r__ws__corner:nom_tt_025C_1v80,Infinity
timing__setup_r2r_vio__count__corner:nom_tt_025C_1v80,0
design__max_slew_violation__count__corner:nom_ss_100C_1v60,0
design__max_fanout_violation__count__corner:nom_ss_100C_1v60,0
design__max_cap_violation__count__corner:nom_ss_100C_1v60,0
clock__skew__worst_hold__corner:nom_ss_100C_1v60,0.0
clock__skew__worst_setup__corner:nom_ss_100C_1v60,0.0
timing__hold__ws__corner:nom_ss_100C_1v60,10.654094796839727
timing__setup__ws__corner:nom_ss_100C_1v60,8.733469306051749
timing__hold__tns__corner:nom_ss_100C_1v60,0.0
timing__setup__tns__corner:nom_ss_100C_1v60,0.0
timing__hold__wns__corner:nom_ss_100C_1v60,0
timing__setup__wns__corner:nom_ss_100C_1v60,0.0
timing__hold_vio__count__corner:nom_ss_100C_1v60,0
timing__hold_r2r__ws__corner:nom_ss_100C_1v60,Infinity
timing__hold_r2r_vio__count__corner:nom_ss_100C_1v60,0
timing__setup_vio__count__corner:nom_ss_100C_1v60,0
timing__setup_r2r__ws__corner:nom_ss_100C_1v60,Infinity
timing__setup_r2r_vio__count__corner:nom_ss_100C_1v60,0
design__max_slew_violation__count__corner:nom_ff_n40C_1v95,0
design__max_fanout_violation__count__corner:nom_ff_n40C_1v95,0
design__max_cap_violation__count__corner:nom_ff_n40C_1v95,0
clock__skew__worst_hold__corner:nom_ff_n40C_1v95,0.0
clock__skew__worst_setup__corner:nom_ff_n40C_1v95,0.0
timing__hold__ws__corner:nom_ff_n40C_1v95,8.829522252145201
timing__setup__ws__corner:nom_ff_n40C_1v95,10.661146933691596
timing__hold__tns__corner:nom_ff_n40C_1v95,0.0
timing__setup__tns__corner:nom_ff_n40C_1v95,0.0
timing__hold__wns__corner:nom_ff_n40C_1v95,0
timing__setup__wns__corner:nom_ff_n40C_1v95,0.0
timing__hold_vio__count__corner:nom_ff_n40C_1v95,0
timing__hold_r2r__ws__corner:nom_ff_n40C_1v95,Infinity
timing__hold_r2r_vio__count__corner:nom_ff_n40C_1v95,0
timing__setup_vio__count__corner:nom_ff_n40C_1v95,0
timing__setup_r2r__ws__corner:nom_ff_n40C_1v95,Infinity
timing__setup_r2r_vio__count__corner:nom_ff_n40C_1v95,0
design__max_slew_violation__count,0
design__max_fanout_violation__count,0
design__max_cap_violation__count,0
clock__skew__worst_hold,0.0
clock__skew__worst_setup,0.0
timing__hold__ws,8.822256952466576
timing__setup__ws,8.717350643635163
timing__hold__tns,0.0
timing__setup__tns,0.0
timing__hold__wns,0
timing__setup__wns,0.0
timing__hold_vio__count,0
timing__hold_r2r__ws,inf
timing__hold_r2r_vio__count,0
timing__setup_vio__count,0
timing__setup_r2r__ws,inf
timing__setup_r2r_vio__count,0
design__die__bbox,0.0 0.0 161.0 111.52
design__core__bbox,2.76 2.72 158.24 108.8
design__io,45
design__die__area,17954.7
design__core__area,16493.3
design__instance__count__stdcell,284
design__instance__area__stdcell,520.499
design__instance__count__macros,0
design__instance__area__macros,0
design__instance__count__padcells,0
design__instance__area__padcells,0
design__instance__count__cover,0
design__instance__area__cover,0
design__instance__utilization,0.0315582
design__instance__utilization__stdcell,0.0315582
design__rows,39
design__rows:unithd,39
design__sites,13182
design__sites:unithd,13182
design__instance__count__class:buffer,1
design__instance__area__class:buffer,5.0048
design__instance__count__class:inverter,32
design__instance__area__class:inverter,120.115
design__instance__count__class:multi_input_combinational_cell,24
design__instance__area__class:multi_input_combinational_cell,93.84
flow__warnings__count,1
flow__errors__count,0
flow__warnings__count:ODB-0220,2
flow__warnings__type_count,1
flow__warnings__count:ORD-0039,1
design__instance__count__class:fill_cell,4398
design__instance__area__class:fill_cell,15972.8
design__instance__count__class:tap_cell,225
design__instance__area__class:tap_cell,281.52
design__power_grid_violation__count__net:VPWR,0
design__power_grid_violation__count__net:VGND,0
design__power_grid_violation__count,0
timing__drv__floating__nets,2
timing__drv__floating__pins,0
design__instance__displacement__total,0
design__instance__displacement__mean,0
design__instance__displacement__max,0
route__wirelength__estimated,233.444
design__violations,0
design__instance__count__class:timing_repair_buffer,2
design__instance__area__class:timing_repair_buffer,20.0192
flow__warnings__count:RSZ-0020,1
flow__warnings__count:STA-1140,6
flow__warnings__count:CTS-0041,1
flow__warnings__count:CTS-0082,1
flow__warnings__count:CTS-0083,1
design__instance__count__setup_buffer,0
design__instance__count__hold_buffer,0
global_route__vias,35
global_route__wirelength,138
antenna__violating__nets,0
antenna__violating__pins,0
route__antenna_violation__count,0
antenna_diodes_count,0
route__net,78
route__net__special,2
route__drc_errors__iter:0,4
route__wirelength__iter:0,177
route__drc_errors__iter:1,1
route__wirelength__iter:1,178
route__drc_errors__iter:2,0
route__wirelength__iter:2,177
route__drc_errors,0
route__wirelength,177
route__vias,202
route__vias__singlecut,202
route__vias__multicut,0
flow__warnings__count:DRT-0349,10
design__disconnected_pin__count,17
design__critical_disconnected_pin__count,0
route__wirelength__max,11.96
timing__unannotated_net__count__corner:nom_tt_025C_1v80,40
timing__unannotated_net_filtered__count__corner:nom_tt_025C_1v80,0
timing__unannotated_net__count__corner:nom_ss_100C_1v60,40
timing__unannotated_net_filtered__count__corner:nom_ss_100C_1v60,0
timing__unannotated_net__count__corner:nom_ff_n40C_1v95,40
timing__unannotated_net_filtered__count__corner:nom_ff_n40C_1v95,0
design__max_slew_violation__count__corner:min_tt_025C_1v80,0
design__max_fanout_violation__count__corner:min_tt_025C_1v80,0
design__max_cap_violation__count__corner:min_tt_025C_1v80,0
clock__skew__worst_hold__corner:min_tt_025C_1v80,0.0
clock__skew__worst_setup__corner:min_tt_025C_1v80,0.0
timing__hold__ws__corner:min_tt_025C_1v80,9.362050066840979
timing__setup__ws__corner:min_tt_025C_1v80,10.118858926065695
timing__hold__tns__corner:min_tt_025C_1v80,0.0
timing__setup__tns__corner:min_tt_025C_1v80,0.0
timing__hold__wns__corner:min_tt_025C_1v80,0
timing__setup__wns__corner:min_tt_025C_1v80,0.0
timing__hold_vio__count__corner:min_tt_025C_1v80,0
timing__hold_r2r__ws__corner:min_tt_025C_1v80,Infinity
timing__hold_r2r_vio__count__corner:min_tt_025C_1v80,0
timing__setup_vio__count__corner:min_tt_025C_1v80,0
timing__setup_r2r__ws__corner:min_tt_025C_1v80,Infinity
timing__setup_r2r_vio__count__corner:min_tt_025C_1v80,0
timing__unannotated_net__count__corner:min_tt_025C_1v80,40
timing__unannotated_net_filtered__count__corner:min_tt_025C_1v80,0
design__max_slew_violation__count__corner:min_ss_100C_1v60,0
design__max_fanout_violation__count__corner:min_ss_100C_1v60,0
design__max_cap_violation__count__corner:min_ss_100C_1v60,0
clock__skew__worst_hold__corner:min_ss_100C_1v60,0.0
clock__skew__worst_setup__corner:min_ss_100C_1v60,0.0
timing__hold__ws__corner:min_ss_100C_1v60,10.647952154715355
timing__setup__ws__corner:min_ss_100C_1v60,8.738377380137822
timing__hold__tns__corner:min_ss_100C_1v60,0.0
timing__setup__tns__corner:min_ss_100C_1v60,0.0
timing__hold__wns__corner:min_ss_100C_1v60,0
timing__setup__wns__corner:min_ss_100C_1v60,0.0
timing__hold_vio__count__corner:min_ss_100C_1v60,0
timing__hold_r2r__ws__corner:min_ss_100C_1v60,Infinity
timing__hold_r2r_vio__count__corner:min_ss_100C_1v60,0
timing__setup_vio__count__corner:min_ss_100C_1v60,0
timing__setup_r2r__ws__corner:min_ss_100C_1v60,Infinity
timing__setup_r2r_vio__count__corner:min_ss_100C_1v60,0
timing__unannotated_net__count__corner:min_ss_100C_1v60,40
timing__unannotated_net_filtered__count__corner:min_ss_100C_1v60,0
design__max_slew_violation__count__corner:min_ff_n40C_1v95,0
design__max_fanout_violation__count__corner:min_ff_n40C_1v95,0
design__max_cap_violation__count__corner:min_ff_n40C_1v95,0
clock__skew__worst_hold__corner:min_ff_n40C_1v95,0.0
clock__skew__worst_setup__corner:min_ff_n40C_1v95,0.0
timing__hold__ws__corner:min_ff_n40C_1v95,8.822256952466576
timing__setup__ws__corner:min_ff_n40C_1v95,10.668291441101724
timing__hold__tns__corner:min_ff_n40C_1v95,0.0
timing__setup__tns__corner:min_ff_n40C_1v95,0.0
timing__hold__wns__corner:min_ff_n40C_1v95,0
timing__setup__wns__corner:min_ff_n40C_1v95,0.0
timing__hold_vio__count__corner:min_ff_n40C_1v95,0
timing__hold_r2r__ws__corner:min_ff_n40C_1v95,Infinity
timing__hold_r2r_vio__count__corner:min_ff_n40C_1v95,0
timing__setup_vio__count__corner:min_ff_n40C_1v95,0
timing__setup_r2r__ws__corner:min_ff_n40C_1v95,Infinity
timing__setup_r2r_vio__count__corner:min_ff_n40C_1v95,0
timing__unannotated_net__count__corner:min_ff_n40C_1v95,40
timing__unannotated_net_filtered__count__corner:min_ff_n40C_1v95,0
design__max_slew_violation__count__corner:max_tt_025C_1v80,0
design__max_fanout_violation__count__corner:max_tt_025C_1v80,0
design__max_cap_violation__count__corner:max_tt_025C_1v80,0
clock__skew__worst_hold__corner:max_tt_025C_1v80,0.0
clock__skew__worst_setup__corner:max_tt_025C_1v80,0.0
timing__hold__ws__corner:max_tt_025C_1v80,9.380006370459895
timing__setup__ws__corner:max_tt_025C_1v80,10.101794353605378
timing__hold__tns__corner:max_tt_025C_1v80,0.0
timing__setup__tns__corner:max_tt_025C_1v80,0.0
timing__hold__wns__corner:max_tt_025C_1v80,0
timing__setup__wns__corner:max_tt_025C_1v80,0.0
timing__hold_vio__count__corner:max_tt_025C_1v80,0
timing__hold_r2r__ws__corner:max_tt_025C_1v80,Infinity
timing__hold_r2r_vio__count__corner:max_tt_025C_1v80,0
timing__setup_vio__count__corner:max_tt_025C_1v80,0
timing__setup_r2r__ws__corner:max_tt_025C_1v80,Infinity
timing__setup_r2r_vio__count__corner:max_tt_025C_1v80,0
timing__unannotated_net__count__corner:max_tt_025C_1v80,40
timing__unannotated_net_filtered__count__corner:max_tt_025C_1v80,0
design__max_slew_violation__count__corner:max_ss_100C_1v60,0
design__max_fanout_violation__count__corner:max_ss_100C_1v60,0
design__max_cap_violation__count__corner:max_ss_100C_1v60,0
clock__skew__worst_hold__corner:max_ss_100C_1v60,0.0
clock__skew__worst_setup__corner:max_ss_100C_1v60,0.0
timing__hold__ws__corner:max_ss_100C_1v60,10.67128549063921
timing__setup__ws__corner:max_ss_100C_1v60,8.717350643635163
timing__hold__tns__corner:max_ss_100C_1v60,0.0
timing__setup__tns__corner:max_ss_100C_1v60,0.0
timing__hold__wns__corner:max_ss_100C_1v60,0
timing__setup__wns__corner:max_ss_100C_1v60,0.0
timing__hold_vio__count__corner:max_ss_100C_1v60,0
timing__hold_r2r__ws__corner:max_ss_100C_1v60,Infinity
timing__hold_r2r_vio__count__corner:max_ss_100C_1v60,0
timing__setup_vio__count__corner:max_ss_100C_1v60,0
timing__setup_r2r__ws__corner:max_ss_100C_1v60,Infinity
timing__setup_r2r_vio__count__corner:max_ss_100C_1v60,0
timing__unannotated_net__count__corner:max_ss_100C_1v60,40
timing__unannotated_net_filtered__count__corner:max_ss_100C_1v60,0
design__max_slew_violation__count__corner:max_ff_n40C_1v95,0
design__max_fanout_violation__count__corner:max_ff_n40C_1v95,0
design__max_cap_violation__count__corner:max_ff_n40C_1v95,0
clock__skew__worst_hold__corner:max_ff_n40C_1v95,0.0
clock__skew__worst_setup__corner:max_ff_n40C_1v95,0.0
timing__hold__ws__corner:max_ff_n40C_1v95,8.837239634652237
timing__setup__ws__corner:max_ff_n40C_1v95,10.653725314606683
timing__hold__tns__corner:max_ff_n40C_1v95,0.0
timing__setup__tns__corner:max_ff_n40C_1v95,0.0
timing__hold__wns__corner:max_ff_n40C_1v95,0
timing__setup__wns__corner:max_ff_n40C_1v95,0.0
timing__hold_vio__count__corner:max_ff_n40C_1v95,0
timing__hold_r2r__ws__corner:max_ff_n40C_1v95,Infinity
timing__hold_r2r_vio__count__corner:max_ff_n40C_1v95,0
timing__setup_vio__count__corner:max_ff_n40C_1v95,0
timing__setup_r2r__ws__corner:max_ff_n40C_1v95,Infinity
timing__setup_r2r_vio__count__corner:max_ff_n40C_1v95,0
timing__unannotated_net__count__corner:max_ff_n40C_1v95,40
timing__unannotated_net_filtered__count__corner:max_ff_n40C_1v95,0
timing__unannotated_net__count,40
timing__unannotated_net_filtered__count,0
design_powergrid__voltage__worst__net:VPWR__corner:nom_tt_025C_1v80,1.8
design_powergrid__drop__average__net:VPWR__corner:nom_tt_025C_1v80,1.8
design_powergrid__drop__worst__net:VPWR__corner:nom_tt_025C_1v80,0.00000177668
design_powergrid__voltage__worst__net:VGND__corner:nom_tt_025C_1v80,0.00000225574
design_powergrid__drop__average__net:VGND__corner:nom_tt_025C_1v80,3.78708E-8
design_powergrid__drop__worst__net:VGND__corner:nom_tt_025C_1v80,0.00000225574
design_powergrid__voltage__worst,0.00000225574
design_powergrid__voltage__worst__net:VPWR,1.8
design_powergrid__drop__worst,0.00000225574
design_powergrid__drop__worst__net:VPWR,0.00000177668
design_powergrid__voltage__worst__net:VGND,0.00000225574
design_powergrid__drop__worst__net:VGND,0.00000225574
ir__voltage__worst,1.8000000000000000444089209850062616169452667236328125
ir__drop__avg,3.81999999999999979537405165284924546398315214901231229305267333984375E-8
ir__drop__worst,0.0000017799999999999998982758153687200319836847484111785888671875
magic__drc_error__count,0
magic__illegal_overlap__count,0
design__lvs_device_difference__count,0
design__lvs_net_difference__count,0
design__lvs_property_fail__count,0
design__lvs_error__count,0
design__lvs_unmatched_device__count,0
design__lvs_unmatched_net__count,0
design__lvs_unmatched_pin__count,0
